SET foreign_key_checks = 0;

/* Data for the stu_concurso table  (Records 1 - 1) */

INSERT INTO stu_concurso (id, ano, nome) VALUES 
  (1, 2012, 'Processo Seletivo de Tutores');

/* Data for the stu_fase table  (Records 1 - 10) */

INSERT INTO stu_fase (id, fim, inicio, nome, sigla, visivelPublico, concurso_id) VALUES 
  (1, '2012-01-16 23:59:59', '2012-08-31 08:00:00', 'Período de Inscrições', 'inscricao', True, 1),
  (2, '2012-09-01 00:00:00', '2012-12-31 23:59:59', 'Visualização dos Locais da Prova de Conteúdo', 'sigla1', True, 1);﻿

-- Data for the ger_disciplina table  (Records 1 - 10)

INSERT INTO ger_disciplina (id, ativo, nome, sigla) VALUES 
  (1, True, 'Biologia', 'B'),
  (2, True, 'Física', 'F'),
  (3, True, 'Geografia', 'G'),
  (4, True, 'História', 'H'),
  (5, True, 'Inglês', 'I'),
  (6, True, 'Matemática', 'M'),
  (7, True, 'Português', 'P'),
  (8, True, 'Química', 'Q'),
  (9, True, 'Redação', 'R'),
  (10, True, 'Espanhol', 'E');




/* Data for the ger_polo table  (Records 1 - 59) */

INSERT INTO ger_polo (id, ativo, polo_sigla, polo_titulo) VALUES 
  (1, True, 'ARE', 'Angra dos Reis'),
  (2, True, 'BGU', 'Bangu'),
  (3, True, 'BRO', 'Belford Roxo - Vila Medeiros'),
  (4, True, 'BPI', 'Barra do Piraí'),
  (5, True, 'BJE', 'Bom Jesus do Itabapoana'),
  (6, True, 'MAN', 'Campo Grande (Jeannette Mannarino)'),
  (7, True, 'KUB', 'Campo Grande (Sarah Kubitscheck) - sábado'),
  (8, True, 'CGR', 'Campo Grande (Sarah Kubitscheck) - 3ª e 5ª'),
  (9, True, 'LHU', 'Campos (Liceu de Humanidades)'),
  (10, True, 'CAN', 'Cantagalo (Município do Estado do RJ)'),
  (11, True, 'CAL', 'Complexo do Alemão'),
  (12, True, 'CCO', 'Duque de Caxias (Ciep 032 - Pilar)'),
  (13, True, 'CSM', 'Duque de Caxias (Ciep 369 - Jardim Primavera)'),
  (14, True, 'PDC', 'Duque de Caxias Pólo CEDERJ'),
  (15, True, 'XER', 'Duque de Caxias - Xerém'),
  (16, True, 'ITG', 'Itaguaí'),
  (17, True, 'ITO', 'Itaocara'),
  (18, True, 'ITA', 'Itaperuna'),
  (19, True, 'JAC', 'Jacarepaguá'),
  (20, True, 'MAC', 'Macaé'),
  (21, True, 'MGE', 'Magé - Piabetá'),
  (22, True, 'MES', 'Mesquita'),
  (23, True, 'MIP', 'Miguel Pereira'),
  (24, True, 'NTV', 'Natividade'),
  (25, True, 'NOI', 'Niterói'),
  (26, True, 'NFI', 'Nova Friburgo'),
  (28, True, 'PNI', 'Nova Iguaçu (antigo Fórum) Pólo CEDERJ'),
  (29, True, 'PAR', 'Paracambi'),
  (30, True, 'PEN', 'Penha'),
  (31, True, 'PET', 'Petrópolis'),
  (32, True, 'PIR', 'Piraí'),
  (34, True, 'QMD', 'Queimados'),
  (36, True, 'RDE', 'Resende'),
  (37, True, 'RIB', 'Rio Bonito'),
  (38, True, 'RFL', 'Rio das Flores'),
  (39, True, 'STC', 'Santa Cruz'),
  (40, True, 'SMA', 'Santa Maria Madalena'),
  (41, True, 'SFI', 'São Fidélis'),
  (42, True, 'SFR', 'São Francisco de Itabapoana'),
  (43, True, 'SGO', 'São Gonçalo'),
  (44, True, 'SJM', 'São João de Meriti'),
  (45, True, 'SPE', 'São Pedro da Aldeia'),
  (46, True, 'SAQ', 'Saquarema'),
  (47, True, 'TRE', 'Teresópolis'),
  (48, True, 'TRI', 'Três Rios'),
  (49, True, 'VRE', 'Volta Redonda'),
  (50, True, '800', '0800 - Tutoria a distância'),
  (52, True, 'ELE', 'Centro da cidade do Rio de Janeiro'),
  (53, True, 'BRX', 'Belford Roxo - São Bernardo'),
  (54, True, 'ROC', 'Rocinha - sábado'),
  (55, True, 'BMA', 'Barra Mansa'),
  (56, True, 'NIC', 'Nova Iguaçu - Vila Nova - C.E. Pres. Costa e Silva'),
  (57, True, 'NIV', 'Nova Iguaçu - Miguel Couto - C.E. Vicentina Goulart'),
  (58, True, 'NPO', 'Nilópolis'),
  (59, True, 'ITB', 'Itaboraí'),
  (60, True, 'RON', 'Rocinha - noite'),
  (61, True, 'TDG', '0800 - Tutoria a distância - Rio (Graduado)'),
  (62, True, 'TDU', '0800 - Tutoria a distância - Rio (Universitário)'),
  (98, True, 'MAD', 'Madureira');




/* Data for the stu_vaga table  (Records 1 - 157) */

INSERT INTO stu_vaga (id, qtd_vagas, ger_concurso_id, ger_disciplina_id, ger_polo_id) VALUES 
  (1, 1, 1, 3, 1),
  (2, 1, 1, 7, 1),
  (3, 1, 1, 1, 2),
  (4, 1, 1, 2, 2),
  (5, 1, 1, 8, 2),
  (6, 1, 1, 2, 4),
  (7, 1, 1, 3, 4),
  (8, 1, 1, 7, 4),
  (9, 1, 1, 1, 55),
  (10, 1, 1, 4, 55),
  (11, 1, 1, 7, 55),
  (12, 1, 1, 8, 55),
  (13, 1, 1, 1, 3),
  (14, 1, 1, 6, 3),
  (15, 1, 1, 2, 53),
  (16, 1, 1, 3, 53),
  (17, 1, 1, 7, 53),
  (18, 1, 1, 1, 5),
  (19, 1, 1, 1, 6),
  (20, 1, 1, 6, 6),
  (21, 1, 1, 2, 8),
  (22, 1, 1, 1, 7),
  (23, 1, 1, 4, 7),
  (24, 1, 1, 1, 9),
  (25, 1, 1, 4, 9),
  (26, 1, 1, 9, 9),
  (27, 1, 1, 1, 10),
  (28, 1, 1, 2, 10),
  (29, 1, 1, 4, 10),
  (30, 1, 1, 2, 52),
  (31, 1, 1, 3, 52),
  (32, 1, 1, 4, 52),
  (33, 1, 1, 7, 52),
  (34, 1, 1, 6, 52),
  (35, 1, 1, 2, 11),
  (36, 1, 1, 2, 15),
  (37, 1, 1, 9, 15),
  (38, 1, 1, 7, 12),
  (39, 1, 1, 8, 12),
  (40, 1, 1, 9, 12),
  (41, 1, 1, 1, 13),
  (42, 1, 1, 3, 13),
  (43, 1, 1, 1, 14),
  (44, 1, 1, 2, 14),
  (45, 1, 1, 7, 14),
  (46, 1, 1, 6, 14),
  (47, 1, 1, 1, 59),
  (48, 1, 1, 4, 59),
  (49, 1, 1, 7, 59),
  (50, 1, 1, 7, 16),
  (51, 1, 1, 1, 17),
  (52, 1, 1, 2, 17),
  (53, 1, 1, 4, 17),
  (54, 1, 1, 9, 17),
  (55, 1, 1, 1, 18),
  (56, 1, 1, 4, 18),
  (57, 1, 1, 6, 18),
  (58, 1, 1, 8, 18),
  (59, 1, 1, 8, 19),
  (60, 1, 1, 9, 19),
  (61, 1, 1, 4, 20),
  (62, 1, 1, 7, 20),
  (63, 1, 1, 8, 20),
  (64, 1, 1, 2, 98),
  (65, 1, 1, 9, 98),
  (66, 1, 1, 2, 21),
  (67, 1, 1, 4, 21),
  (68, 1, 1, 2, 22),
  (69, 1, 1, 7, 22),
  (70, 1, 1, 8, 22),
  (71, 1, 1, 1, 23),
  (72, 1, 1, 1, 24),
  (73, 1, 1, 2, 24),
  (74, 1, 1, 1, 58),
  (75, 1, 1, 3, 58),
  (76, 1, 1, 4, 58),
  (77, 1, 1, 4, 25),
  (78, 1, 1, 7, 25),
  (79, 1, 1, 9, 26),
  (80, 1, 1, 2, 56),
  (81, 1, 1, 4, 56),
  (82, 1, 1, 6, 56),
  (83, 1, 1, 9, 56),
  (84, 1, 1, 1, 57),
  (85, 1, 1, 3, 57),
  (86, 1, 1, 7, 57),
  (87, 1, 1, 8, 57),
  (88, 1, 1, 4, 28),
  (89, 1, 1, 7, 28),
  (90, 1, 1, 8, 28),
  (91, 1, 1, 3, 29),
  (92, 1, 1, 6, 29),
  (93, 1, 1, 3, 30),
  (94, 1, 1, 7, 30),
  (95, 1, 1, 6, 30),
  (96, 1, 1, 8, 30),
  (97, 1, 1, 9, 30),
  (98, 1, 1, 1, 31),
  (99, 1, 1, 6, 31),
  (100, 1, 1, 3, 32),
  (101, 1, 1, 4, 32),
  (102, 1, 1, 1, 34),
  (103, 1, 1, 1, 36),
  (104, 1, 1, 6, 36),
  (105, 1, 1, 7, 37),
  (106, 1, 1, 6, 37),
  (107, 1, 1, 3, 38),
  (108, 1, 1, 8, 38),
  (109, 1, 1, 9, 38),
  (110, 1, 1, 1, 54),
  (111, 1, 1, 2, 54),
  (112, 1, 1, 3, 54),
  (113, 1, 1, 6, 54),
  (114, 1, 1, 9, 54),
  (115, 1, 1, 1, 60),
  (116, 1, 1, 2, 60),
  (117, 1, 1, 3, 60),
  (118, 1, 1, 4, 60),
  (119, 1, 1, 8, 60),
  (120, 1, 1, 9, 60),
  (121, 1, 1, 2, 39),
  (122, 1, 1, 3, 39),
  (123, 1, 1, 1, 40),
  (124, 1, 1, 2, 40),
  (125, 1, 1, 4, 40),
  (126, 1, 1, 6, 40),
  (127, 1, 1, 8, 40),
  (128, 1, 1, 1, 41),
  (129, 1, 1, 3, 41),
  (130, 1, 1, 7, 41),
  (131, 1, 1, 4, 42),
  (132, 1, 1, 2, 43),
  (133, 1, 1, 3, 43),
  (134, 1, 1, 4, 43),
  (135, 1, 1, 9, 43),
  (136, 1, 1, 7, 44),
  (137, 1, 1, 6, 44),
  (138, 1, 1, 4, 45),
  (139, 1, 1, 3, 46),
  (140, 1, 1, 2, 47),
  (141, 1, 1, 7, 47),
  (142, 1, 1, 9, 47),
  (143, 1, 1, 1, 48),
  (144, 1, 1, 2, 48),
  (145, 1, 1, 3, 48),
  (146, 1, 1, 4, 48),
  (147, 1, 1, 7, 48),
  (148, 1, 1, 8, 48),
  (149, 1, 1, 9, 48),
  (150, 1, 1, 2, 49),
  (151, 1, 1, 3, 49),
  (152, 1, 1, 4, 49),
  (153, 1, 1, 9, 49),
  (154, 5, 1, 10, 61),
  (155, 5, 1, 5, 61),
  (156, 20, 1, 10, 62),
  (157, 12, 1, 5, 62);


SET foreign_key_checks = 1;